{
  "base_10ep_4conv_32chan_0.1drop.txt": {
    "n_chan": 32,
    "n_conv": 4,
    "n_params": 552266,
    "loss": [
      1.6055402755737305,
      1.0925707817077637,
      0.8581804037094116,
      0.7046422958374023,
      0.5865735411643982,
      0.4805244505405426,
      0.39185357093811035,
      0.3233731985092163,
      0.2603781819343567,
      0.21487697958946228
    ],
    "accuracy": 0.7261999845504761,
    "val_loss": [
      1.2863291501998901,
      1.0135328769683838,
      0.885010838508606,
      0.8198387622833252,
      0.809775710105896,
      0.7996044158935547,
      0.8383255004882812,
      0.8957161903381348,
      1.0423613786697388,
      0.9190009832382202
    ],
    "val_accuracy": [
      0.5529999732971191,
      0.6484000086784363,
      0.7035999894142151,
      0.7138000130653381,
      0.724399983882904,
      0.7333999872207642,
      0.7242000102996826,
      0.7324000000953674,
      0.7184000015258789,
      0.7315999865531921
    ],
    "training_time": 1898.23,
    "n_epochs": 10
  },
  "base_10ep_4conv_32chan_0.2drop.txt": {
    "n_chan": 32,
    "n_conv": 4,
    "n_params": 552266,
    "loss": [
      1.5625920295715332,
      1.0438281297683716,
      0.8360666036605835,
      0.6994688510894775,
      0.5944567918777466,
      0.5059788823127747,
      0.42863425612449646,
      0.36535313725471497,
      0.31315457820892334,
      0.27365827560424805
    ],
    "accuracy": 0.7432000041007996,
    "val_loss": [
      1.2337356805801392,
      0.9528639912605286,
      0.8553873300552368,
      0.7895709276199341,
      0.7664285898208618,
      0.7278891205787659,
      0.7393438220024109,
      0.7638208270072937,
      0.7760913372039795,
      0.8063307404518127
    ],
    "val_accuracy": [
      0.5853999853134155,
      0.6732000112533569,
      0.7117999792098999,
      0.7275999784469604,
      0.7360000014305115,
      0.7581999897956848,
      0.7509999871253967,
      0.7465999722480774,
      0.7527999877929688,
      0.7563999891281128
    ],
    "training_time": 1830.1,
    "n_epochs": 10
  },
  "base_10ep_4conv_32chan_0.2drop_tanh.txt": {
    "n_chan": 32,
    "n_conv": 4,
    "n_params": 552266,
    "loss": [
      1.4305428266525269,
      1.0174669027328491,
      0.9023446440696716,
      0.836434543132782,
      0.7726088762283325,
      0.7286843657493591,
      0.6921155452728271,
      0.6500453352928162,
      0.6281890869140625,
      0.5957322716712952
    ],
    "accuracy": 0.6266999840736389,
    "val_loss": [
      1.3338810205459595,
      1.2118107080459595,
      1.467081069946289,
      1.231171727180481,
      1.238829493522644,
      1.2712739706039429,
      1.2264604568481445,
      1.1981992721557617,
      1.3829376697540283,
      1.384572148323059
    ],
    "val_accuracy": [
      0.5529999732971191,
      0.5947999954223633,
      0.5649999976158142,
      0.6248000264167786,
      0.6254000067710876,
      0.6258000135421753,
      0.6460000276565552,
      0.6611999869346619,
      0.6262000203132629,
      0.6363999843597412
    ],
    "training_time": 1928.34,
    "n_epochs": 10
  },
  "base_10ep_4conv_64chan_0.2drop.txt": {
    "n_chan": 64,
    "n_conv": 4,
    "n_params": 1878666,
    "loss": [
      1.5900964736938477,
      1.0638216733932495,
      0.8131488561630249,
      0.6465939879417419,
      0.4980171024799347,
      0.36730003356933594,
      0.2513797879219055,
      0.17893609404563904,
      0.13328294456005096,
      0.09218436479568481
    ],
    "accuracy": 0.7401000261306763,
    "val_loss": [
      1.374947428703308,
      0.9777247905731201,
      0.8746243119239807,
      0.8144714832305908,
      0.7855250239372253,
      0.7996150255203247,
      1.0088183879852295,
      1.0742515325546265,
      1.2154436111450195,
      1.2644455432891846
    ],
    "val_accuracy": [
      0.49480000138282776,
      0.6632000207901001,
      0.699999988079071,
      0.7214000225067139,
      0.7390000224113464,
      0.7418000102043152,
      0.7310000061988831,
      0.7333999872207642,
      0.7336000204086304,
      0.7378000020980835
    ],
    "training_time": 5575.83,
    "n_epochs": 10
  },
  "base_10ep_4conv_32chan.txt": {
    "n_chan": 32,
    "n_conv": 4,
    "n_params": 552266,
    "loss": [
      1.5954574346542358,
      1.0824458599090576,
      0.8467910885810852,
      0.6923487186431885,
      0.5651400089263916,
      0.4506832957267761,
      0.34084445238113403,
      0.2649482190608978,
      0.20307153463363647,
      0.16163380444049835
    ],
    "accuracy": 0.722100019454956,
    "val_loss": [
      1.246660828590393,
      1.0180342197418213,
      0.8474122285842896,
      0.8311306834220886,
      0.8154454827308655,
      0.8432052731513977,
      0.9493298530578613,
      1.0609474182128906,
      1.177010416984558,
      1.2686495780944824
    ],
    "val_accuracy": [
      0.5626000165939331,
      0.6478000283241272,
      0.7035999894142151,
      0.7117999792098999,
      0.7260000109672546,
      0.7246000170707703,
      0.7239999771118164,
      0.7075999975204468,
      0.715399980545044,
      0.7131999731063843
    ],
    "training_time": 1778.66,
    "n_epochs": 10
  },
  "base_10ep_4conv_32chan_0.2drop_2decison.txt": {
    "n_chan": 32,
    "n_conv": 4,
    "n_params": 134696266,
    "loss": [
      1.5554965734481812,
      1.050971269607544,
      0.7446579933166504,
      0.48121801018714905,
      0.25151118636131287,
      0.13877041637897491,
      0.08729629963636398,
      0.06363379210233688,
      0.0519455187022686,
      0.03595861420035362
    ],
    "accuracy": 0.7447999715805054,
    "val_loss": [
      1.3217159509658813,
      1.0223572254180908,
      0.8822658061981201,
      0.779198944568634,
      0.8807376027107239,
      0.9215596914291382,
      1.183741569519043,
      0.9822551012039185,
      1.1244810819625854,
      1.0439249277114868
    ],
    "val_accuracy": [
      0.5361999869346619,
      0.6485999822616577,
      0.6891999840736389,
      0.7271999716758728,
      0.7035999894142151,
      0.7251999974250793,
      0.7099999785423279,
      0.7289999723434448,
      0.7224000096321106,
      0.7441999912261963
    ],
    "training_time": 6051.21,
    "n_epochs": 10
  },
  "base_10ep_4conv_32chan_0.2drop_3decision.txt": {
    "n_chan": 32,
    "n_conv": 4,
    "n_params": 168213834,
    "loss": [
      1.5794317722320557,
      1.0562468767166138,
      0.7511150240898132,
      0.4927310347557068,
      0.2698303461074829,
      0.14882253110408783,
      0.09723877906799316,
      0.06531014293432236,
      0.05103938281536102,
      0.04251494258642197
    ],
    "accuracy": 0.7263000011444092,
    "val_loss": [
      1.3289533853530884,
      1.0039268732070923,
      0.8438956141471863,
      0.8211076259613037,
      0.7927961349487305,
      0.8852681517601013,
      0.961543083190918,
      1.029116153717041,
      1.0169963836669922,
      1.1983349323272705
    ],
    "val_accuracy": [
      0.5465999841690063,
      0.6700000166893005,
      0.7081999778747559,
      0.7192000150680542,
      0.7400000095367432,
      0.7343999743461609,
      0.730400025844574,
      0.7396000027656555,
      0.7501999735832214,
      0.7264000177383423
    ],
    "training_time": 7213.23,
    "n_epochs": 10
  }
}