{
  "base_10ep_5conv_25chan.txt": {
    "n_chan": 25,
    "n_conv": 5,
    "n_params": 1021710,
    "loss": [
      1.6802444458007812,
      1.1285384893417358,
      0.8571635484695435,
      0.689694344997406,
      0.5533900856971741,
      0.43069618940353394,
      0.3220379650592804,
      0.23624229431152344,
      0.18269260227680206,
      0.14683333039283752
    ],
    "accuracy": 0.7560999989509583,
    "val_loss": [
      1.3193763494491577,
      1.0189584493637085,
      0.8344400525093079,
      0.8148238062858582,
      0.7871891856193542,
      0.8089725971221924,
      0.7966000437736511,
      0.9298945069313049,
      1.1031858921051025,
      1.0395164489746094
    ],
    "val_accuracy": [
      0.5364000201225281,
      0.644599974155426,
      0.7129999995231628,
      0.7332000136375427,
      0.7408000230789185,
      0.7526000142097473,
      0.7573999762535095,
      0.7473999857902527,
      0.7379999756813049,
      0.7605999708175659
    ],
    "training_time": 1568.36,
    "n_epochs": 10
  },
  "base_10ep_5conv_5chan.txt": {
    "n_chan": 5,
    "n_conv": 5,
    "n_params": 51350,
    "loss": [
      1.7197829484939575,
      1.224463701248169,
      0.9981725811958313,
      0.863872230052948,
      0.7687445282936096,
      0.7066060900688171,
      0.6560150980949402,
      0.6143937706947327,
      0.5722474455833435,
      0.5476669669151306
    ],
    "accuracy": 0.7110000252723694,
    "val_loss": [
      1.393673300743103,
      1.1932836771011353,
      0.971677839756012,
      0.9132465124130249,
      0.8593763709068298,
      0.8583817481994629,
      0.8113336563110352,
      0.8565292954444885,
      0.8651167750358582,
      0.910401463508606
    ],
    "val_accuracy": [
      0.4912000000476837,
      0.5813999772071838,
      0.6614000201225281,
      0.6948000192642212,
      0.7075999975204468,
      0.7049999833106995,
      0.7175999879837036,
      0.7174000144004822,
      0.7160000205039978,
      0.7081999778747559
    ],
    "training_time": 200.34,
    "n_epochs": 10
  },
  "base_10ep_5conv_20chan.txt": {
    "n_chan": 20,
    "n_conv": 10,
    "n_params": 664370,
    "loss": [
      1.6990011930465698,
      1.1357377767562866,
      0.8559779524803162,
      0.6945847272872925,
      0.5621978044509888,
      0.4428575932979584,
      0.34418120980262756,
      0.2561458647251129,
      0.20046350359916687,
      0.15657006204128265
    ],
    "accuracy": 0.7440999746322632,
    "val_loss": [
      1.3945621252059937,
      1.0751237869262695,
      0.8485180735588074,
      0.7718318700790405,
      0.792975127696991,
      0.7455558180809021,
      0.8093266487121582,
      0.9728882908821106,
      0.9147037267684937,
      1.0199735164642334
    ],
    "val_accuracy": [
      0.49959999322891235,
      0.6251999735832214,
      0.7089999914169312,
      0.7365999817848206,
      0.7283999919891357,
      0.7613999843597412,
      0.7483999729156494,
      0.7337999939918518,
      0.7519999742507935,
      0.743399977684021
    ],
    "training_time": 1011.29,
    "n_epochs": 10
  },
  "base_10ep_5conv_48chan_0.2drop.txt": {
    "n_chan": 48,
    "n_conv": 5,
    "n_params": 3650794,
    "loss": [
      1.6038366556167603,
      1.0347777605056763,
      0.7941325306892395,
      0.6369810104370117,
      0.517943799495697,
      0.4123980402946472,
      0.3250574469566345,
      0.2523840367794037,
      0.20089930295944214,
      0.1631985753774643
    ],
    "accuracy": 0.7864000201225281,
    "val_loss": [
      1.3378534317016602,
      0.9766288995742798,
      0.8342205882072449,
      0.7375552654266357,
      0.7101054787635803,
      0.680336594581604,
      0.6731429696083069,
      0.6935845017433167,
      0.6844425201416016,
      0.7295762300491333
    ],
    "val_accuracy": [
      0.51419997215271,
      0.6801999807357788,
      0.7283999919891357,
      0.7526000142097473,
      0.7631999850273132,
      0.770799994468689,
      0.7702000141143799,
      0.7728000283241272,
      0.7820000052452087,
      0.7868000268936157
    ],
    "training_time": 5136.67,
    "n_epochs": 10
  },
  "base_10ep_5conv_15chan.txt": {
    "n_chan": 15,
    "n_conv": 5,
    "n_params": 383530,
    "loss": [
      1.7115373611450195,
      1.1558938026428223,
      0.9097575545310974,
      0.7526734471321106,
      0.6288814544677734,
      0.5277182459831238,
      0.43613314628601074,
      0.351672887802124,
      0.2844074070453644,
      0.24158541858196259
    ],
    "accuracy": 0.7409999966621399,
    "val_loss": [
      1.3885014057159424,
      1.0775507688522339,
      0.9600744247436523,
      0.8849843740463257,
      0.8299484252929688,
      0.8108137249946594,
      0.8720086216926575,
      0.8924179673194885,
      1.0236093997955322,
      1.0261712074279785
    ],
    "val_accuracy": [
      0.5067999958992004,
      0.6263999938964844,
      0.6740000247955322,
      0.7075999975204468,
      0.728600025177002,
      0.7343999743461609,
      0.7343999743461609,
      0.7378000020980835,
      0.7218000292778015,
      0.7432000041007996
    ],
    "training_time": 681.16,
    "n_epochs": 10
  },
  "base_10ep_5conv_10chan.txt": {
    "n_chan": 10,
    "n_conv": 5,
    "n_params": 179190,
    "loss": [
      1.7021428346633911,
      1.2016174793243408,
      0.9594466090202332,
      0.8051847815513611,
      0.6948522329330444,
      0.6025252342224121,
      0.5320855379104614,
      0.4618101119995117,
      0.40258827805519104,
      0.35471194982528687
    ],
    "accuracy": 0.7175999879837036,
    "val_loss": [
      1.4391146898269653,
      1.173539400100708,
      0.9886038303375244,
      0.859600305557251,
      0.8514761924743652,
      0.8030164241790771,
      0.8616017699241638,
      0.8549531102180481,
      0.8552692532539368,
      1.0789539813995361
    ],
    "val_accuracy": [
      0.47839999198913574,
      0.5902000069618225,
      0.6588000059127808,
      0.7024000287055969,
      0.7088000178337097,
      0.7346000075340271,
      0.7192000150680542,
      0.7325999736785889,
      0.73580002784729,
      0.7093999981880188
    ],
    "training_time": 380.22,
    "n_epochs": 10
  },
  "base_10ep_5conv_32chan.txt": {
    "n_chan": 32,
    "n_conv": 5,
    "n_params": 1650506,
    "loss": [
      1.6810061931610107,
      1.1052067279815674,
      0.8287920951843262,
      0.6541738510131836,
      0.5117375254631042,
      0.38156935572624207,
      0.2662496864795685,
      0.19119597971439362,
      0.14041702449321747,
      0.10626382380723953
    ],
    "accuracy": 0.7455999851226807,
    "val_loss": [
      1.316523790359497,
      1.0035786628723145,
      0.8949448466300964,
      0.7727376818656921,
      0.7692803144454956,
      0.7913846969604492,
      0.8436880111694336,
      0.9410771727561951,
      1.0331366062164307,
      1.3798836469650269
    ],
    "val_accuracy": [
      0.5375999808311462,
      0.6571999788284302,
      0.6944000124931335,
      0.7364000082015991,
      0.739799976348877,
      0.7554000020027161,
      0.7526000142097473,
      0.7544000148773193,
      0.7458000183105469,
      0.7354000210762024
    ],
    "training_time": 2322.35,
    "n_epochs": 10
  }
}