{
  "base_10ep_6conv_20chan.txt": {
    "n_chan": 20,
    "n_conv": 18,
    "n_params": 2482610,
    "loss": [
      1.7079747915267944,
      1.166585087776184,
      0.8601028919219971,
      0.652656614780426,
      0.48831814527511597,
      0.34224289655685425,
      0.23850195109844208,
      0.1740303784608841,
      0.12773095071315765,
      0.10682342946529388
    ],
    "accuracy": [
      0.379111111164093,
      0.5870888829231262,
      0.7002666592597961,
      0.7742000222206116,
      0.8285555839538574,
      0.8804000020027161,
      0.9156666398048401,
      0.9390222430229187,
      0.9552222490310669,
      0.9634222388267517
    ],
    "val_loss": [
      1.3508301973342896,
      1.0613772869110107,
      0.8134185075759888,
      0.7697988748550415,
      0.7960708141326904,
      0.912360668182373,
      0.8671735525131226,
      0.9121745824813843,
      1.0449349880218506,
      1.152075171470642
    ],
    "val_accuracy": [
      0.5116000175476074,
      0.6233999729156494,
      0.7174000144004822,
      0.7293999791145325,
      0.7332000136375427,
      0.7310000061988831,
      0.7476000189781189,
      0.7562000155448914,
      0.753000020980835,
      0.7454000115394592
    ],
    "training_time": 1504.85,
    "n_epochs": 10,
    "final_accuracy": 0.7159000039100647
  },
  "base_10ep_6conv_32chan.txt": {
    "n_chan": 32,
    "n_conv": 6,
    "n_params": 6329162,
    "loss": [
      1.7741189002990723,
      1.2054717540740967,
      0.8766117095947266,
      0.6530761122703552,
      0.4702526330947876,
      0.31345242261886597,
      0.19863328337669373,
      0.14023198187351227,
      0.09786204248666763,
      0.07911155372858047
    ],
    "accuracy": [
      0.35280001163482666,
      0.5736444592475891,
      0.694088876247406,
      0.7743777632713318,
      0.8371999859809875,
      0.8894888758659363,
      0.9305333495140076,
      0.9511111378669739,
      0.9660221934318542,
      0.9727333188056946
    ],
    "val_loss": [
      1.5258727073669434,
      1.026525855064392,
      0.8277543187141418,
      0.80281662940979,
      0.8203626871109009,
      0.7537364959716797,
      0.9040626883506775,
      1.0693464279174805,
      1.0425690412521362,
      1.1762558221817017
    ],
    "val_accuracy": [
      0.45559999346733093,
      0.6376000046730042,
      0.7142000198364258,
      0.7271999716758728,
      0.7271999716758728,
      0.7577999830245972,
      0.7491999864578247,
      0.7486000061035156,
      0.7562000155448914,
      0.7447999715805054
    ],
    "training_time": 4249.44,
    "n_epochs": 10,
    "final_accuracy": 0.7447999715805054
  },
  "base_10ep_6conv_20chan_adam.txt": {
    "n_chan": 20,
    "n_conv": 6,
    "n_params": 2482610,
    "loss": [
      2.6619014739990234,
      2.3039486408233643,
      2.3039674758911133,
      2.303861141204834,
      2.304044008255005,
      2.3039493560791016,
      2.3037033081054688,
      2.3039655685424805,
      2.30399227142334,
      2.3041560649871826
    ],
    "accuracy": [
      0.0989999994635582,
      0.09844444692134857,
      0.10097777843475342,
      0.09893333166837692,
      0.09993333369493484,
      0.10184444487094879,
      0.10320000350475311,
      0.0996222198009491,
      0.09762222319841385,
      0.09657777845859528
    ],
    "val_loss": [
      2.3033447265625,
      2.3035895824432373,
      2.3044862747192383,
      2.303959369659424,
      2.303476572036743,
      2.3030192852020264,
      2.3040528297424316,
      2.306081771850586,
      2.3049511909484863,
      2.302279472351074
    ],
    "val_accuracy": [
      0.10300000011920929,
      0.10239999741315842,
      0.08980000019073486,
      0.10119999945163727,
      0.10239999741315842,
      0.10140000283718109,
      0.10300000011920929,
      0.08980000019073486,
      0.10300000011920929,
      0.10260000079870224
    ],
    "training_time": 1509.04,
    "n_epochs": 10,
    "final_accuracy": 0.10000000149011612
  }
}